filenames,words
0_00a8d3f7-9097-454b-bdf3-b4449a817668-1048022238.jpeg,10/01/1959
0_00a8d7b2-fc7b-4836-8710-46aae42caa25-1024679845.jpeg,30/07/1973
0_00a9b89b-87d3-42a2-8cdf-6ecf7b21fb8a-1051301222hatmag2021-11-0a9.38.0.jpeg,10/07/1975
0_00a9ef02-adee-4664-a4d8-04ef4cf56728-1027564325.jpeg,16/03/1953
0_00a99c88-2544-4d31-8af4-8169c120fe2d-1048665754hatmag2021-11-2a2.27.3.jpeg,13/09/1989
0_00ab0da6-91f8-4e5c-a735-ec722a5812ef-1014257388_96-27448419-9436.jpeg,23/02/1955
0_00ab4cef-7509-44f0-9418-a3d675b4b77a-1039858764----4_39333.jpeg,12/02/1984
0_00ab05c3-991b-458d-913c-213e04c8f61e-1026340784.jpeg,15/10/1966
0_00ac2388-2c51-48cf-aa0d-320c5def86ea-1031493685.jpeg,12/09/1969
0_00add5b9-f89b-4d71-b61c-4dc0096be8ee-1060863675hatmag2022-01-2a11.43.5.jpeg,26/06/1988
0_00b32588-2369-44c7-b7eb-325a850c79f8-1000302412hatmag2021-12-0a8.51.4.jpeg,ج ج
0_00b36281-9fde-4733-83f1-7504944d492f-1003731948.jpeg,06/03/1954
0_00b91227-cb9c-4618-becf-30ad663c82cc-1046683270hatmag2021-12-1a12.25.4.jpeg,13/02/1956
0_00be76d1-639c-4e9a-b7b1-491185d2bd66-1014025553-474334--422-7733.jpeg,18/05/1981
0_00bed962-c0bd-404b-8210-13c063eda3ec-1053823389hatmag2021-11-2a10.07.5.jpeg,19/06/1988
0_00bee40b-7b59-445b-b807-fc94ae4089b7-1110893490.jpeg,11/01/2000
0_00bef915-758d-4f79-84ef-a1c0405b3859-1068187010.jpeg,03/06/1982
0_00bf087e-6e13-4382-bc4c-cd035eb23a54-11210370464--164648.jpeg,15 06/2003
0_00bf89b9-8fb8-405c-8fd3-13e4ebc81630-1024700021-282-42-83-7813.jpeg,06/08/1983
0_00bf638a-8e29-42dc-9959-0caf00bba7eb-1029231790.jpeg,29/04/1949
0_00c0ec3a-8828-4fa6-a8a6-9b2f682fa4cd-1012873335hatmag2022-03-0a12.23.21.jpeg,16/10/1966
0_00c0f0d9-8b67-4f41-b6de-02477c884cfd-1080645292-bfg.jpeg,15/01/1989
0_00c0f2ca-885e-4466-80ba-5161027cad1c-1033418128-5824-90580-9707-34706673.jpeg,23/06/1982
0_00c1aafe-b6f8-47fc-8b39-4d6dd9ae2541-1058583152.jpeg,20/02/1988
0_0000cbb7-01aa-4b70-90a6-5f0cb8b36cdd-1020721856678-3180-4126238-98.jpeg,20/01/1958
0_00d2dd1a-ca60-46bd-89dd-adb860d64711-1050820255.jpeg,12/01/1983
0_00d2ea1f-103c-4660-b034-07d9cc7a89d9-1070567217hatmag2020-10-2a12.12.0.jpeg,
0_00d3de67-4b85-46de-9775-06d5e7b13202-100270479.jpeg,23/02/1955
0_00d4bff6-7952-4fcb-9a96-88172b34376a-1039048929hatmag2021-07-0a8.19.2.jpeg,20/10/1933
0_00d4d627-3d52-4a3a-9ec9-31ebce1058e1-1043791829.jpeg,١
0_00d5aa6c-63fe-419d-a959-d069883d29a4-1006831794hatmag2020-12-2a4.21.1.jpeg,|
0_00d5db77-c902-403a-8f97-37c9e53eb8a7-1078587472.jpeg,14/02/1991
0_00d6c146-f198-49f3-a140-720550811b23-105150783.jpeg,07/04/1988
0_00d6d69a-29a1-4416-821e-50f7c41132a3-1064572306hatmag2021-12-1a5.04.4.jpeg,1&0/1950
0_00d7c288-1862-4c68-9c69-1bb50457a852-1018689115885-102--6010.jpeg,أ
0_00d8e8c2-b2ca-4a23-b739-203106013d6a-1111557771-8687043866-3531327.jpeg,28/05/1999
0_00d9dd80-7a47-472b-8597-d02c2b8b7105-1022564601hatmag2021-10-2a2.22.4.jpeg,00B:  20/10/1933
0_00d31ad1-4ea6-4ff8-9e2d-1f6af029a31f-1019965621.jpeg,21/06/1944
0_00d42fad-4a3a-4235-b9e2-ef8c3fba2093-1013738537hatmag2021-04-1a10.58.3.jpeg,06/03/1954
0_0000e413-8900-48b7-bb95-305b913739b5-1005052343hatmag2021-10-2a9.59.4.jpeg,؛؟
0_00ea5d6e-e643-479d-8346-afaee329d41c-1047242886.jpeg,05/11/1964
0_00eacdf0-8c56-4f01-b200-24bd1788f966-1058689983hatmag2021-11-2a2.53.2.jpeg,11/03/1981
0_00eb20d3-03b3-4a10-838f-d3a07112446d-103270833.jpeg,162 
0_00eb79a1-6135-466e-a0e0-492904eecb14-103183666.jpeg,25/10/1965
0_00eb5004-a7ef-4b2c-bc74-6ea5079cd8a9-107110216.jpeg,10/08/1981
0_00ebcdd0-1362-45ca-aed1-9aecff2bda59-10556070128613-4589-89163.jpeg,20/07/1974
0_00ebe473-e59b-4e82-ba8f-ba17d4728a11-1021243389hatmag2021-08-2a9.47.1.jpeg,30/12/1959
0_00ec5b14-1190-4a61-84df-38f53f3a983b-100890481.jpeg,12/07/1965
0_00ec63c0-4507-49ae-9217-761d7d0345a4-1003177522hatmag2021-12-1a7.21.3.jpeg,12/08/1975
0_00ec220e-38b5-4f0c-ba6a-810d25442ab8-104984855.jpeg,15/05/1980
0_00ec858f-77c4-41eb-8a05-bc6ff49b3125-1006523003hatmag2021-10-3a8.44.3.jpeg,09/10/1934
0_00ecaf24-329a-49e0-a3d7-7d9e2b0787b8-1031772427-4544-2894-46-87616.jpeg,12/07/1983
0_00ece1e3-6630-431f-b986-466a5958ad4b-1028943957-1525-0045-43_165.jpeg,10|05/1948
0_00ecf0ab-7da9-4901-b012-5d24250e890d-1052549324.jpeg,20/01/1958
0_00ed2a9c-9381-4640-a325-186b0ef0a0cc-101664411.jpeg,10/11/1967
0_00ed2adc-9e19-4c57-8984-de6249a158d2-1011302799hatmag2021-01-2a4.43.0.jpeg,10/01/1959
0_0000ed05-b728-4b05-b5a6-0c3cde067f7a-1021537053hatmag2021-01-1a1.38.1.jpeg,١٢
0_00ed5d62-02e4-4506-8eda-a56f5593ebec-101327561.jpeg,21/06/1969
0_00ed49f2-2e7c-4a0d-a468-6c44f8fcc6c5-1010359725hatmag2021-08-2a11.28.0.jpeg,14/11/1983
0_00ed712d-1e00-4eb2-babb-308539cfd8f2-1032659953_748--87-98.jpeg,07/02/1978
0_00edc4f9-66fb-4223-9a46-a628f1f32dc3-1007236324hatmag2021-12-1a3.57.2.jpeg,23/02/1955
0_Reference 05.png,وجلا
0_صيغة الدعاية.jpeg,أقورلأىم
1_00a8d3f7-9097-454b-bdf3-b4449a817668-1048022238.jpeg,١٢٧٨١٠٧١٠
1_00a8d7b2-fc7b-4836-8710-46aae42caa25-1024679845.jpeg,٠١ ٠٧ ١٣٩٣ ٥
1_00a9b89b-87d3-42a2-8cdf-6ecf7b21fb8a-1051301222hatmag2021-11-0a9.38.0.jpeg,١٣٩٥١٠٧١٠
1_00a9ef02-adee-4664-a4d8-04ef4cf56728-1027564325.jpeg,١٣٧٢١٠٧١٠
1_00a99c88-2544-4d31-8af4-8169c120fe2d-1048665754hatmag2021-11-2a2.27.3.jpeg,١٢٨٩١٠٧١٠
1_00ab0da6-91f8-4e5c-a735-ec722a5812ef-1014257388_96-27448419-9436.jpeg,١٣٧٤١٠٧١٠
1_00ab4cef-7509-44f0-9418-a3d675b4b77a-1039858764----4_39333.jpeg,١٤٠٤١٥٢١٦
1_00ab05c3-991b-458d-913c-213e04c8f61e-1026340784.jpeg,٠٧١ ٣٨٦
1_00ac2388-2c51-48cf-aa0d-320c5def86ea-1031493685.jpeg,١٣٨٩١٠٧١٠
1_00add5b9-f89b-4d71-b61c-4dc0096be8ee-1060863675hatmag2022-01-2a11.43.5.jpeg,١٧١ ٠٨٧١ ١٤
1_00b32588-2369-44c7-b7eb-325a850c79f8-1000302412hatmag2021-12-0a8.51.4.jpeg,
1_00b36281-9fde-4733-83f1-7504944d492f-1003731948.jpeg,١٣٧٣١٠٧١٠
1_00b91227-cb9c-4618-becf-30ad663c82cc-1046683270hatmag2021-12-1a12.25.4.jpeg,١ ١٢٧٥١٠٧١٠
1_00be76d1-639c-4e9a-b7b1-491185d2bd66-1014025553-474334--422-7733.jpeg,١٤٠٧٠٨٥٤
1_00bed962-c0bd-404b-8210-13c063eda3ec-1053823389hatmag2021-11-2a10.07.5.jpeg,١١٠٥ ١٤٠٨١١
1_00bee40b-7b59-445b-b807-fc94ae4089b7-1110893490.jpeg,٤ ٠١٠ ٤٢٠١١ ١
1_00bef915-758d-4f79-84ef-a1c0405b3859-1068187010.jpeg,٨٧١ ٢/٠
1_00bf087e-6e13-4382-bc4c-cd035eb23a54-11210370464--164648.jpeg,١٥ ٠٤ ١٤٢٤ ٥
1_00bf89b9-8fb8-405c-8fd3-13e4ebc81630-1024700021-282-42-83-7813.jpeg,٠/٢٧ ١٤٠٣١١
1_00bf638a-8e29-42dc-9959-0caf00bba7eb-1029231790.jpeg,١٣٦٨١٠٧١٠
1_00c0ec3a-8828-4fa6-a8a6-9b2f682fa4cd-1012873335hatmag2022-03-0a12.23.21.jpeg,٧١٠ ١٣٨٦/٠
1_00c0f0d9-8b67-4f41-b6de-02477c884cfd-1080645292-bfg.jpeg,٠ ٠٦ ١٤٠٩ ٥
1_00c0f2ca-885e-4466-80ba-5161027cad1c-1033418128-5824-90580-9707-34706673.jpeg,٩١٠ ٢١٠ ٠ ٤ ١
1_00c1aafe-b6f8-47fc-8b39-4d6dd9ae2541-1058583152.jpeg,٠٣ ٠٧ ١٤٠٨ ٥
1_0000cbb7-01aa-4b70-90a6-5f0cb8b36cdd-1020721856678-3180-4126238-98.jpeg,٧١٠ ١٣٧٧١٠
1_00d2dd1a-ca60-46bd-89dd-adb860d64711-1050820255.jpeg,٤٠٢١٠٢١٢٨ ١
1_00d2ea1f-103c-4660-b034-07d9cc7a89d9-1070567217hatmag2020-10-2a12.12.0.jpeg,بًم
1_00d3de67-4b85-46de-9775-06d5e7b13202-100270479.jpeg,٧١٠ ١٣٧٤١٠
1_00d4bff6-7952-4fcb-9a96-88172b34376a-1039048929hatmag2021-07-0a8.19.2.jpeg,١٣٥٢١٠٧١٠
1_00d4d627-3d52-4a3a-9ec9-31ebce1058e1-1043791829.jpeg,بًم
1_00d5aa6c-63fe-419d-a959-d069883d29a4-1006831794hatmag2020-12-2a4.21.1.jpeg,بمً
1_00d5db77-c902-403a-8f97-37c9e53eb8a7-1078587472.jpeg,١١٠٧١٢ ١٤١
1_00d6c146-f198-49f3-a140-720550811b23-105150783.jpeg,١٤٠٨١٠٨١٢
1_00d6d69a-29a1-4416-821e-50f7c41132a3-1064572306hatmag2021-12-1a5.04.4.jpeg,١ ١٢٦٦١٠٧١٠
1_00d7c288-1862-4c68-9c69-1bb50457a852-1018689115885-102--6010.jpeg,بفبثً !
1_00d8e8c2-b2ca-4a23-b739-203106013d6a-1111557771-8687043866-3531327.jpeg,٢١١٢ ١٤٢٠١٠
1_00d9dd80-7a47-472b-8597-d02c2b8b7105-1022564601hatmag2021-10-2a2.22.4.jpeg,١ ٧١٠ ١٣٥٢١٠
1_00d31ad1-4ea6-4ff8-9e2d-1f6af029a31f-1019965621.jpeg,١٣٦٢١٠٧١٠
1_00d42fad-4a3a-4235-b9e2-ef8c3fba2093-1013738537hatmag2021-04-1a10.58.3.jpeg,١ ١٢٧٢١٠٧١٠
1_0000e413-8900-48b7-bb95-305b913739b5-1005052343hatmag2021-10-2a9.59.4.jpeg,[
1_00ea5d6e-e643-479d-8346-afaee329d41c-1047242886.jpeg,١٣٨٤١٠٧١٠
1_00eacdf0-8c56-4f01-b200-24bd1788f966-1058689983hatmag2021-11-2a2.53.2.jpeg,١١٠٥١٠٥ ١٤٠
1_00eb20d3-03b3-4a10-838f-d3a07112446d-103270833.jpeg,0240 ل4ا
1_00eb79a1-6135-466e-a0e0-492904eecb14-103183666.jpeg,١ ٧١٠ ١٣٨٥١٠
1_00eb5004-a7ef-4b2c-bc74-6ea5079cd8a9-107110216.jpeg,١ ٠ ١١١ ٠ ١٤
1_00ebcdd0-1362-45ca-aed1-9aecff2bda59-10556070128613-4589-89163.jpeg,٠٧١٠ ١٣٩٤
1_00ebe473-e59b-4e82-ba8f-ba17d4728a11-1021243389hatmag2021-08-2a9.47.1.jpeg,٧١٠ ١٣٧٩١٠
1_00ec5b14-1190-4a61-84df-38f53f3a983b-100890481.jpeg,١٢٨٥١٠٢١١٢
1_00ec63c0-4507-49ae-9217-761d7d0345a4-1003177522hatmag2021-12-1a7.21.3.jpeg,٥ ٨١٠ ١٣٩٥١٠
1_00ec220e-38b5-4f0c-ba6a-810d25442ab8-104984855.jpeg,٧٠ ١٤٠٠/٠
1_00ec858f-77c4-41eb-8a05-bc6ff49b3125-1006523003hatmag2021-10-3a8.44.3.jpeg,٧١٠ ١٣٥٣١٠
1_00ecaf24-329a-49e0-a3d7-7d9e2b0787b8-1031772427-4544-2894-46-87616.jpeg,٢ ٠١٠ ٠٣١١ ١٤
1_00ece1e3-6630-431f-b986-466a5958ad4b-1028943957-1525-0045-43_165.jpeg,٠١ ٠٧ ١٣٦٧ ٥
1_00ecf0ab-7da9-4901-b012-5d24250e890d-1052549324.jpeg,١٣٧٧١٠٧١٠
1_00ed2a9c-9381-4640-a325-186b0ef0a0cc-101664411.jpeg,١٣٨٧١٠٨١٠٨
1_00ed2adc-9e19-4c57-8984-de6249a158d2-1011302799hatmag2021-01-2a4.43.0.jpeg,١٢٧٨١٠٧١٠
1_0000ed05-b728-4b05-b5a6-0c3cde067f7a-1021537053hatmag2021-01-1a1.38.1.jpeg,بفًفقأًا
1_00ed5d62-02e4-4506-8eda-a56f5593ebec-101327561.jpeg,١٣٨٩7٤١٠ ٠
1_00ed49f2-2e7c-4a0d-a468-6c44f8fcc6c5-1010359725hatmag2021-08-2a11.28.0.jpeg,٤١٠٢٨ ١٤٠
1_00ed712d-1e00-4eb2-babb-308539cfd8f2-1032659953_748--87-98.jpeg,٢٩ ٠٢ ١٣٩٨ ٥
1_00edc4f9-66fb-4223-9a46-a628f1f32dc3-1007236324hatmag2021-12-1a3.57.2.jpeg,١٣٧٤١٠٧١٠
1_Reference 05.png,٨0
1_صيغة الدعاية.jpeg,PERSKINDOL
2_00a8d3f7-9097-454b-bdf3-b4449a817668-1048022238.jpeg,16/11/2039
2_00a8d7b2-fc7b-4836-8710-46aae42caa25-1024679845.jpeg,11/05/2028
2_00a9b89b-87d3-42a2-8cdf-6ecf7b21fb8a-1051301222hatmag2021-11-0a9.38.0.jpeg,25/04/2031
2_00a9ef02-adee-4664-a4d8-04ef4cf56728-1027564325.jpeg,09/06/2040
2_00a99c88-2544-4d31-8af4-8169c120fe2d-1048665754hatmag2021-11-2a2.27.3.jpeg,28/07/2028
2_00ab0da6-91f8-4e5c-a735-ec722a5812ef-1014257388_96-27448419-9436.jpeg,23/12/2037
2_00ab4cef-7509-44f0-9418-a3d675b4b77a-1039858764----4_39333.jpeg,20/03/2028
2_00ab05c3-991b-458d-913c-213e04c8f61e-1026340784.jpeg,05/07/2040
2_00ac2388-2c51-48cf-aa0d-320c5def86ea-1031493685.jpeg,19/08/2028
2_00add5b9-f89b-4d71-b61c-4dc0096be8ee-1060863675hatmag2022-01-2a11.43.5.jpeg,19/03/2029'
2_00b32588-2369-44c7-b7eb-325a850c79f8-1000302412hatmag2021-12-0a8.51.4.jpeg,أ
2_00b36281-9fde-4733-83f1-7504944d492f-1003731948.jpeg,12/01/2040
2_00b91227-cb9c-4618-becf-30ad663c82cc-1046683270hatmag2021-12-1a12.25.4.jpeg,29/09/2038
2_00be76d1-639c-4e9a-b7b1-491185d2bd66-1014025553-474334--422-7733.jpeg,07/11/2029
2_00bed962-c0bd-404b-8210-13c063eda3ec-1053823389hatmag2021-11-2a10.07.5.jpeg,07/07/2028
2_00bee40b-7b59-445b-b807-fc94ae4089b7-1110893490.jpeg,21/09/2023
2_00bef915-758d-4f79-84ef-a1c0405b3859-1068187010.jpeg,09/11/2030
2_00bf087e-6e13-4382-bc4c-cd035eb23a54-11210370464--164648.jpeg,24/06/2024
2_00bf89b9-8fb8-405c-8fd3-13e4ebc81630-1024700021-282-42-83-7813.jpeg,28/03/2028
2_00bf638a-8e29-42dc-9959-0caf00bba7eb-1029231790.jpeg,05/12/2040
2_00c0ec3a-8828-4fa6-a8a6-9b2f682fa4cd-1012873335hatmag2022-03-0a12.23.21.jpeg,28/08/2038
2_00c0f0d9-8b67-4f41-b6de-02477c884cfd-1080645292-bfg.jpeg,05/07/2031
2_00c0f2ca-885e-4466-80ba-5161027cad1c-1033418128-5824-90580-9707-34706673.jpeg,03/08/2030
2_00c1aafe-b6f8-47fc-8b39-4d6dd9ae2541-1058583152.jpeg,13/06/2029
2_0000cbb7-01aa-4b70-90a6-5f0cb8b36cdd-1020721856678-3180-4126238-98.jpeg,17/11/2037
2_00d2dd1a-ca60-46bd-89dd-adb860d64711-1050820255.jpeg,29/06/2028
2_00d3de67-4b85-46de-9775-06d5e7b13202-100270479.jpeg,07/05/2040
2_00d4bff6-7952-4fcb-9a96-88172b34376a-1039048929hatmag2021-07-0a8.19.2.jpeg,25/09/2038
2_00d5db77-c902-403a-8f97-37c9e53eb8a7-1078587472.jpeg,12/06/2023
2_00d6c146-f198-49f3-a140-720550811b23-105150783.jpeg,21/02/2023
2_00d6d69a-29a1-4416-821e-50f7c41132a3-1064572306hatmag2021-12-1a5.04.4.jpeg,16122031
2_00d8e8c2-b2ca-4a23-b739-203106013d6a-1111557771-8687043866-3531327.jpeg,02/02/2023
2_00d9dd80-7a47-472b-8597-d02c2b8b7105-1022564601hatmag2021-10-2a2.22.4.jpeg,DOE:   23/05/2038
2_00d31ad1-4ea6-4ff8-9e2d-1f6af029a31f-1019965621.jpeg,04/02/2038
2_00d42fad-4a3a-4235-b9e2-ef8c3fba2093-1013738537hatmag2021-04-1a10.58.3.jpeg,24/04/2038
2_00ea5d6e-e643-479d-8346-afaee329d41c-1047242886.jpeg,24/02/2038
2_00eacdf0-8c56-4f01-b200-24bd1788f966-1058689983hatmag2021-11-2a2.53.2.jpeg,28/08/2030
2_00eb20d3-03b3-4a10-838f-d3a07112446d-103270833.jpeg,الممم
2_00eb79a1-6135-466e-a0e0-492904eecb14-103183666.jpeg,14/01/2039
2_00eb5004-a7ef-4b2c-bc74-6ea5079cd8a9-107110216.jpeg,07/12/2030
2_00ebcdd0-1362-45ca-aed1-9aecff2bda59-10556070128613-4589-89163.jpeg,24/03/2028
2_00ebe473-e59b-4e82-ba8f-ba17d4728a11-1021243389hatmag2021-08-2a9.47.1.jpeg,10/07/2038
2_00ec5b14-1190-4a61-84df-38f53f3a983b-100890481.jpeg,03/04/2039
2_00ec63c0-4507-49ae-9217-761d7d0345a4-1003177522hatmag2021-12-1a7.21.3.jpeg,31/05/2029
2_00ec220e-38b5-4f0c-ba6a-810d25442ab8-104984855.jpeg,23/05/2030
2_00ec858f-77c4-41eb-8a05-bc6ff49b3125-1006523003hatmag2021-10-3a8.44.3.jpeg,30/09/2038
2_00ecaf24-329a-49e0-a3d7-7d9e2b0787b8-1031772427-4544-2894-46-87616.jpeg,17/09/2030
2_00ece1e3-6630-431f-b986-466a5958ad4b-1028943957-1525-0045-43_165.jpeg,13/08/2038
2_00ecf0ab-7da9-4901-b012-5d24250e890d-1052549324.jpeg,21/03/2041
2_00ed2a9c-9381-4640-a325-186b0ef0a0cc-101664411.jpeg,01/05/2038
2_00ed2adc-9e19-4c57-8984-de6249a158d2-1011302799hatmag2021-01-2a4.43.0.jpeg,19/02/2039
2_00ed5d62-02e4-4506-8eda-a56f5593ebec-101327561.jpeg,17/03/2040
2_00ed49f2-2e7c-4a0d-a468-6c44f8fcc6c5-1010359725hatmag2021-08-2a11.28.0.jpeg,20/12/2027
2_00ed712d-1e00-4eb2-babb-308539cfd8f2-1032659953_748--87-98.jpeg,19/11/2030
2_00edc4f9-66fb-4223-9a46-a628f1f32dc3-1007236324hatmag2021-12-1a3.57.2.jpeg,26/05/2039
2_Reference 05.png,الحل
2_صيغة الدعاية.jpeg,بيرسكندول
3_00a8d3f7-9097-454b-bdf3-b4449a817668-1048022238.jpeg,٢٩ ٠ ١ ٤٦١ ١
3_00a8d7b2-fc7b-4836-8710-46aae42caa25-1024679845.jpeg,١٤٤٩١٢١٦ ٥
3_00a9b89b-87d3-42a2-8cdf-6ecf7b21fb8a-1051301222hatmag2021-11-0a9.38.0.jpeg,١١٠٢ ١٤٥٣١٠
3_00a9ef02-adee-4664-a4d8-04ef4cf56728-1027564325.jpeg,٥١٢٩ ١٤٦٢١٠
3_00a99c88-2544-4d31-8af4-8169c120fe2d-1048665754hatmag2021-11-2a2.27.3.jpeg,١،٥٠١٠٢١٠٤
3_00ab0da6-91f8-4e5c-a735-ec722a5812ef-1014257388_96-27448419-9436.jpeg,١١١٦ ١٤٥٩١١
3_00ab4cef-7509-44f0-9418-a3d675b4b77a-1039858764----4_39333.jpeg,1349/ `1
3_00ab05c3-991b-458d-913c-213e04c8f61e-1026340784.jpeg,٢٥ ٦ ٠ ٦٢ ٤
3_00ac2388-2c51-48cf-aa0d-320c5def86ea-1031493685.jpeg,١٤٥٠١٠٣١٢٨
3_00add5b9-f89b-4d71-b61c-4dc0096be8ee-1060863675hatmag2022-01-2a11.43.5.jpeg,٤ ١١٠ ١٤٥٠١١
3_00b36281-9fde-4733-83f1-7504944d492f-1003731948.jpeg,٢١٢٧ ١٤٦١١١
3_00b91227-cb9c-4618-becf-30ad663c82cc-1046683270hatmag2021-12-1a12.25.4.jpeg,١٤٦٠١٠٨١٢ 
3_00be76d1-639c-4e9a-b7b1-491185d2bd66-1014025553-474334--422-7733.jpeg,١٤٥١٠٧١٩٨
3_00bed962-c0bd-404b-8210-13c063eda3ec-1053823389hatmag2021-11-2a10.07.5.jpeg,٤ ٢١١ ١٤٥٠١٠
3_00bee40b-7b59-445b-b807-fc94ae4089b7-1110893490.jpeg,١٤٤٥١٠٣١٠٦
3_00bef915-758d-4f79-84ef-a1c0405b3859-1068187010.jpeg,١٢ ٠٧ ١٤٥٢
3_00bf087e-6e13-4382-bc4c-cd035eb23a54-11210370464--164648.jpeg,١٨ ١٢ ١٤٤٥
3_00bf89b9-8fb8-405c-8fd3-13e4ebc81630-1024700021-282-42-83-7813.jpeg,١١٠٢ ١٤٤٩١١
3_00bf638a-8e29-42dc-9959-0caf00bba7eb-1029231790.jpeg,٢١٠ ١٤٦٢/١
3_00c0ec3a-8828-4fa6-a8a6-9b2f682fa4cd-1012873335hatmag2022-03-0a12.23.21.jpeg,٠١٠٧١٢٧ ٤٦ ١
3_00c0f0d9-8b67-4f41-b6de-02477c884cfd-1080645292-bfg.jpeg,١٥ ٠٣ ١٤٥٣ ٥
3_00c0f2ca-885e-4466-80ba-5161027cad1c-1033418128-5824-90580-9707-34706673.jpeg,٢ ٤١٠ ٤٥٢١٠
3_00c1aafe-b6f8-47fc-8b39-4d6dd9ae2541-1058583152.jpeg,٠ ١٤٥١ ٥
3_0000cbb7-01aa-4b70-90a6-5f0cb8b36cdd-1020721856678-3180-4126238-98.jpeg,٠ ٠١١ ١٤٥٩١١
3_00d2dd1a-ca60-46bd-89dd-adb860d64711-1050820255.jpeg,٢١٠ ١٤٥٠١٠
3_00d3de67-4b85-46de-9775-06d5e7b13202-100270479.jpeg,٤١٢٥ ٢١٠ ٤٦ ١
3_00d4bff6-7952-4fcb-9a96-88172b34376a-1039048929hatmag2021-07-0a8.19.2.jpeg,٨/٢٦ ٤٦٠١٠
3_00d5db77-c902-403a-8f97-37c9e53eb8a7-1078587472.jpeg,١/٢٣ ٤١١ ٤ ١٤
3_00d6c146-f198-49f3-a140-720550811b23-105150783.jpeg,١٤٤٤١٠٨١٠
3_00d6d69a-29a1-4416-821e-50f7c41132a3-1064572306hatmag2021-12-1a5.04.4.jpeg,٦ ١١٠ ١،٥٦٨١
3_00d8e8c2-b2ca-4a23-b739-203106013d6a-1111557771-8687043866-3531327.jpeg,١ ١٤٤٤١٠٧١١
3_00d9dd80-7a47-472b-8597-d02c2b8b7105-1022564601hatmag2021-10-2a2.22.4.jpeg,٩ ٤١١ ٠١٠ ١٤٦
3_00d31ad1-4ea6-4ff8-9e2d-1f6af029a31f-1019965621.jpeg,٩ ٢١٢ ١٤٥٩١١
3_00d42fad-4a3a-4235-b9e2-ef8c3fba2093-1013738537hatmag2021-04-1a10.58.3.jpeg,١٤٦٠١٠٢١١٩
3_00ea5d6e-e643-479d-8346-afaee329d41c-1047242886.jpeg,١/٢٠ ١٤٦٠١٠
3_00eacdf0-8c56-4f01-b200-24bd1788f966-1058689983hatmag2021-11-2a2.53.2.jpeg,٤١٢٨ ١٤٥٢١٠
3_00eb79a1-6135-466e-a0e0-492904eecb14-103183666.jpeg,٩ ٠٨١٢١١ ١٤٦
3_00eb5004-a7ef-4b2c-bc74-6ea5079cd8a9-107110216.jpeg,٥٢٧٠٨ ١7٧
3_00ebcdd0-1362-45ca-aed1-9aecff2bda59-10556070128613-4589-89163.jpeg,١٢٨ ٠ ٩١١ ٤ ٤ ١
3_00ebe473-e59b-4e82-ba8f-ba17d4728a11-1021243389hatmag2021-08-2a9.47.1.jpeg,٦١٠٨ ١٤٦٠١٠
3_00ec5b14-1190-4a61-84df-38f53f3a983b-100890481.jpeg,٩ ٤٦١١٠٢١٠
3_00ec63c0-4507-49ae-9217-761d7d0345a4-1003177522hatmag2021-12-1a7.21.3.jpeg,١١١٨ ٤٥١١٠
3_00ec220e-38b5-4f0c-ba6a-810d25442ab8-104984855.jpeg,١/٢١ ٠ ١٤٥٢
3_00ec858f-77c4-41eb-8a05-bc6ff49b3125-1006523003hatmag2021-10-3a8.44.3.jpeg,٩١٠ ١٤٦٠١٠
3_00ecaf24-329a-49e0-a3d7-7d9e2b0787b8-1031772427-4544-2894-46-87616.jpeg,٩ ٥١١ ١٤٥٢١٠
3_00ecf0ab-7da9-4901-b012-5d24250e890d-1052549324.jpeg,١٤٦٣١٠٣١١٨
3_00ed2a9c-9381-4640-a325-186b0ef0a0cc-101664411.jpeg,١٤٦٠١٠٢١٢٦
3_00ed2adc-9e19-4c57-8984-de6249a158d2-1011302799hatmag2021-01-2a4.43.0.jpeg,٢٥ ١ ٦١١٠ ؛١
3_00ed5d62-02e4-4506-8eda-a56f5593ebec-101327561.jpeg,٤ ٤٦٢١٠٣١٠
3_00ed49f2-2e7c-4a0d-a468-6c44f8fcc6c5-1010359725hatmag2021-08-2a11.28.0.jpeg,١٤٤٩٨٢
3_00edc4f9-66fb-4223-9a46-a628f1f32dc3-1007236324hatmag2021-12-1a3.57.2.jpeg,١٤٦١١٠٥١٠٣
3_Reference 05.png,لكل
3_صيغة الدعاية.jpeg,جل
4_00a8d3f7-9097-454b-bdf3-b4449a817668-1048022238.jpeg,لها ادبالافلاج
4_00a8d7b2-fc7b-4836-8710-46aae42caa25-1024679845.jpeg,الطائف
4_00a9ef02-adee-4664-a4d8-04ef4cf56728-1027564325.jpeg,زاز
4_00a99c88-2544-4d31-8af4-8169c120fe2d-1048665754hatmag2021-11-2a2.27.3.jpeg,برباء
4_00ab0da6-91f8-4e5c-a735-ec722a5812ef-1014257388_96-27448419-9436.jpeg,الرياض
4_00ab4cef-7509-44f0-9418-a3d675b4b77a-1039858764----4_39333.jpeg,الفايا
4_00ab05c3-991b-458d-913c-213e04c8f61e-1026340784.jpeg,المطيوي
4_00add5b9-f89b-4d71-b61c-4dc0096be8ee-1060863675hatmag2022-01-2a11.43.5.jpeg,دجال الع
4_00b36281-9fde-4733-83f1-7504944d492f-1003731948.jpeg,القوداه
4_00b91227-cb9c-4618-becf-30ad663c82cc-1046683270hatmag2021-12-1a12.25.4.jpeg,السليل
4_00be76d1-639c-4e9a-b7b1-491185d2bd66-1014025553-474334--422-7733.jpeg,زبيده
4_00bed962-c0bd-404b-8210-13c063eda3ec-1053823389hatmag2021-11-2a10.07.5.jpeg,نجران
4_00bee40b-7b59-445b-b807-fc94ae4089b7-1110893490.jpeg,جازان
4_00bef915-758d-4f79-84ef-a1c0405b3859-1068187010.jpeg,الرياض
4_00bf638a-8e29-42dc-9959-0caf00bba7eb-1029231790.jpeg,كلء
4_00c0f0d9-8b67-4f41-b6de-02477c884cfd-1080645292-bfg.jpeg,الطائف
4_00c0f2ca-885e-4466-80ba-5161027cad1c-1033418128-5824-90580-9707-34706673.jpeg,حريزه بالحارت
4_00c1aafe-b6f8-47fc-8b39-4d6dd9ae2541-1058583152.jpeg,الثعرا
4_0000cbb7-01aa-4b70-90a6-5f0cb8b36cdd-1020721856678-3180-4126238-98.jpeg,ودفيده
4_00d2dd1a-ca60-46bd-89dd-adb860d64711-1050820255.jpeg,الكرمه
4_00d3de67-4b85-46de-9775-06d5e7b13202-100270479.jpeg,آل عاصم اثرب
4_00d4bff6-7952-4fcb-9a96-88172b34376a-1039048929hatmag2021-07-0a8.19.2.jpeg,تثليث
4_00d6d69a-29a1-4416-821e-50f7c41132a3-1064572306hatmag2021-12-1a5.04.4.jpeg,مبزوع
4_00d8e8c2-b2ca-4a23-b739-203106013d6a-1111557771-8687043866-3531327.jpeg,مملهل ببانان
4_00d9dd80-7a47-472b-8597-d02c2b8b7105-1022564601hatmag2021-10-2a2.22.4.jpeg,اللركه
4_00d31ad1-4ea6-4ff8-9e2d-1f6af029a31f-1019965621.jpeg,بالجرسى فاراء
4_00d42fad-4a3a-4235-b9e2-ef8c3fba2093-1013738537hatmag2021-04-1a10.58.3.jpeg,نسله
4_00ea5d6e-e643-479d-8346-afaee329d41c-1047242886.jpeg,المتيق
4_00eb79a1-6135-466e-a0e0-492904eecb14-103183666.jpeg,بتول
4_00ec5b14-1190-4a61-84df-38f53f3a983b-100890481.jpeg,الخبر
4_00ec63c0-4507-49ae-9217-761d7d0345a4-1003177522hatmag2021-12-1a7.21.3.jpeg,بن الاوين
4_00ec220e-38b5-4f0c-ba6a-810d25442ab8-104984855.jpeg,الشويهء
4_00ec858f-77c4-41eb-8a05-bc6ff49b3125-1006523003hatmag2021-10-3a8.44.3.jpeg,البرده بالحصين
4_00ecaf24-329a-49e0-a3d7-7d9e2b0787b8-1031772427-4544-2894-46-87616.jpeg,شقصان
4_00ece1e3-6630-431f-b986-466a5958ad4b-1028943957-1525-0045-43_165.jpeg,١٢ ٠٧ ١٤٦٠
4_00ecf0ab-7da9-4901-b012-5d24250e890d-1052549324.jpeg,المبوديه
4_00ed2a9c-9381-4640-a325-186b0ef0a0cc-101664411.jpeg,العقيق
4_00ed2adc-9e19-4c57-8984-de6249a158d2-1011302799hatmag2021-01-2a4.43.0.jpeg,المليف
4_00ed5d62-02e4-4506-8eda-a56f5593ebec-101327561.jpeg,المانف
4_00ed712d-1e00-4eb2-babb-308539cfd8f2-1032659953_748--87-98.jpeg,٢٣ ٠٧ ١٤٥٢
4_00edc4f9-66fb-4223-9a46-a628f1f32dc3-1007236324hatmag2021-12-1a3.57.2.jpeg,بلقرذ
4_Reference 05.png,9راحة
4_صيغة الدعاية.jpeg,ألآم أسفل الظهر
5_0000cbb7-01aa-4b70-90a6-5f0cb8b36cdd-1020721856678-3180-4126238-98.jpeg,لليع
5_00ece1e3-6630-431f-b986-466a5958ad4b-1028943957-1525-0045-43_165.jpeg,بني
5_00ed712d-1e00-4eb2-babb-308539cfd8f2-1032659953_748--87-98.jpeg,حقل
5_Reference 05.png,عملبه
5_صيغة الدعاية.jpeg,والمفاصل
6_00ece1e3-6630-431f-b986-466a5958ad4b-1028943957-1525-0045-43_165.jpeg,العدوه
6_Reference 05.png,؟
6_صيغة الدعاية.jpeg,Muscles & Joints
7_00ece1e3-6630-431f-b986-466a5958ad4b-1028943957-1525-0045-43_165.jpeg,شهر
7_Reference 05.png,بعلل
7_صيغة الدعاية.jpeg,ألآم الرقبة
8_Reference 05.png,من
8_صيغة الدعاية.jpeg,الشد العضلي
9_Reference 05.png,B0|s0n
9_صيغة الدعاية.jpeg,WWW.
10_Reference 05.png,H٤٨L؟/
10_صيغة الدعاية.jpeg,.perskindol com
11_Reference 05.png,بلسم
11_صيغة الدعاية.jpeg,للمضلات
12_Reference 05.png,سلم
12_صيغة الدعاية.jpeg,MAD[
13_Reference 05.png,سع |
13_صيغة الدعاية.jpeg,SWISS
14_Reference 05.png,الطبيعي
15_Reference 05.png,مشاكل
16_Reference 05.png, الجلد
17_Reference 05.png,عناية
18_Reference 05.png,شا
19_Reference 05.png,دون
20_Reference 05.png,رائحة
21_Reference 05.png,بسرع
22_Reference 05.png,0
23_Reference 05.png, الاتثام
24_Reference 05.png,
25_Reference 05.png,مفعول
26_Reference 05.png,ثلاث
27_Reference 05.png,
28_Reference 05.png,بحفف
.DS_Store,
